0;v;v;v;s6;s7;v;s5;v;v;v;v;v;v;v;v;v;v;v;v;v;v;v;v;v;v;v;v;v;v;v;v;v;v;v;v;v;v;v;v;v;v;v;v;v;v;v;v;v;v;4;v;v;v;v;v;v;v;v;v;1;2;3;v;v;v;v;v;v;v;v;v;v;v;v;v;v;v;v;v;v;v;v;v;v
1;v;v;v;v;v;v;v;s11;v;v;v;v;v;v;v;v;v;v;v;v;v;v;v;v;v;v;v;v;v;v;v;v;v;v;v;v;v;v;v;v;v;v;v;v;v;v;s9;v;v;v;v;v;v;v;v;v;v;v;v;v;v;v;v;v;v;v;v;v;v;v;v;v;v;v;v;v;v;v;v;v;v;8;10;v
2;v;r26;v;v;v;v;v;r26;v;v;v;v;v;v;v;v;v;v;v;v;v;v;v;v;v;v;v;v;v;v;v;v;v;v;v;v;v;v;v;v;v;v;v;v;v;v;r26;v;v;v;v;v;v;v;v;v;v;v;v;v;v;v;v;v;v;v;v;v;v;v;v;v;v;v;v;v;v;v;v;v;v;v;v;v
3;v;r27;v;v;v;v;v;r27;v;v;v;v;v;v;v;v;v;v;v;v;v;v;v;v;v;v;v;v;v;v;v;v;v;v;v;v;v;v;v;v;v;v;v;v;v;v;r27;v;v;v;v;v;v;v;v;v;v;v;v;v;v;v;v;v;v;v;v;v;v;v;v;v;v;v;v;v;v;v;v;v;v;v;v;v
4;v;v;v;v;v;v;v;v;v;v;v;v;v;v;s12;v;v;v;v;v;v;v;v;v;v;v;v;v;v;v;v;v;v;v;v;v;v;v;v;v;v;v;v;v;v;v;v;v;v;v;v;v;v;v;v;v;v;v;v;v;v;v;v;v;v;v;v;v;v;v;v;v;v;v;v;v;v;v;v;v;v;v;v;v
5;v;v;v;s6;s7;v;v;v;v;v;v;v;v;v;v;v;v;v;v;v;v;v;v;v;v;v;v;v;v;v;v;v;v;v;v;v;v;v;v;v;v;v;v;v;v;v;v;v;v;13;v;v;v;v;v;v;v;v;v;v;v;v;v;v;v;v;v;v;v;v;v;v;v;v;v;v;v;v;v;v;v;v;v;v
6;v;v;v;v;v;v;v;v;v;v;v;v;v;v;r1;v;v;v;v;v;v;v;v;v;v;v;v;v;v;v;v;v;v;v;v;v;v;v;v;v;v;v;v;v;v;v;v;v;v;v;v;v;v;v;v;v;v;v;v;v;v;v;v;v;v;v;v;v;v;v;v;v;v;v;v;v;v;v;v;v;v;v;v;v
7;v;v;v;v;v;v;v;v;v;v;v;v;v;v;r2;v;v;v;v;v;v;v;v;v;v;v;v;v;v;v;v;v;v;v;v;v;v;v;v;v;v;v;v;v;v;v;v;v;v;v;v;v;v;v;v;v;v;v;v;v;v;v;v;v;v;v;v;v;v;v;v;v;v;v;v;v;v;v;v;v;v;v;v;v
8;s14;v;v;v;v;v;v;v;v;v;v;v;v;v;v;v;v;v;v;v;v;v;v;v;v;v;v;v;v;v;v;v;v;v;v;v;v;v;v;v;v;v;v;v;v;v;v;v;v;v;v;v;v;v;v;v;v;v;v;v;v;v;v;v;v;v;v;v;v;v;v;v;v;v;v;v;v;v;v;v;v;v;v;v
9;v;v;v;v;v;v;v;v;v;s15;v;v;v;v;v;v;v;v;v;v;v;v;v;v;v;v;v;v;v;v;v;v;v;v;v;v;v;v;v;v;v;v;v;v;v;v;v;v;v;v;v;v;v;v;v;v;v;v;v;v;v;v;v;v;v;v;v;v;v;v;v;v;v;v;v;v;v;v;v;v;v;v;v;v
10;r80;v;v;v;v;v;v;v;v;v;v;v;v;v;v;v;v;v;v;v;v;v;v;v;v;v;v;v;v;v;v;v;v;v;v;v;v;v;v;v;v;v;v;v;v;v;v;v;v;v;v;v;v;v;v;v;v;v;v;v;v;v;v;v;v;v;v;v;v;v;v;v;v;v;v;v;v;v;v;v;v;v;v;v
11;r81;v;v;v;v;v;v;v;v;v;v;v;v;v;v;v;v;v;v;v;v;v;v;v;v;v;v;v;v;v;v;v;v;v;v;v;v;v;v;v;v;v;v;v;v;v;v;v;v;v;v;v;v;v;v;v;v;v;v;v;v;v;v;v;v;v;v;v;v;v;v;v;v;v;v;v;v;v;v;v;v;v;v;v
12;v;v;v;v;v;v;v;v;v;s17;v;v;v;v;v;v;v;v;v;v;v;v;v;v;v;v;v;v;v;v;v;v;v;v;v;v;v;v;v;v;v;v;v;v;v;v;v;v;v;v;v;v;v;16;v;v;v;v;v;v;v;v;v;v;v;v;v;v;v;v;v;v;v;v;v;v;v;v;v;v;v;v;v;v
13;v;v;v;v;v;v;v;v;v;v;v;v;v;v;s18;v;v;v;v;v;v;v;v;v;v;v;v;v;v;v;v;v;v;v;v;v;v;v;v;v;v;v;v;v;v;v;v;v;v;v;v;v;v;v;v;v;v;v;v;v;v;v;v;v;v;v;v;v;v;v;v;v;v;v;v;v;v;v;v;v;v;v;v;v
14;v;v;v;s6;s7;v;s5;v;v;v;v;v;v;v;v;v;v;v;v;v;v;v;v;v;v;v;v;v;v;v;v;v;v;v;v;v;v;v;v;v;v;v;v;v;v;v;v;v;v;4;v;v;v;v;v;v;v;v;v;19;2;3;v;v;v;v;v;v;v;v;v;v;v;v;v;v;v;v;v;v;v;v;v;v
15;v;v;v;v;v;v;v;v;v;v;v;v;v;v;v;v;v;v;v;v;v;v;s20;v;v;v;v;v;v;v;v;v;v;v;v;v;v;v;v;v;v;v;v;v;v;v;v;v;v;v;v;v;v;v;v;v;v;v;v;v;v;v;v;v;v;v;v;v;v;v;v;v;v;v;v;v;v;v;v;v;v;v;v;v
16;v;r28;v;v;v;v;v;r28;v;v;v;v;v;v;v;v;v;v;v;v;v;v;v;v;v;v;v;v;v;v;v;v;v;v;v;v;v;v;v;v;v;v;v;v;v;v;r28;v;v;v;v;v;v;v;v;v;v;v;v;v;v;v;v;v;v;v;v;v;v;v;v;v;v;v;v;v;v;v;v;v;v;v;v;v
17;v;v;v;v;v;v;v;v;v;v;s21;s22;v;v;v;v;v;v;v;v;v;v;v;v;v;v;v;v;v;v;v;v;v;v;v;v;v;v;v;v;v;v;v;v;v;v;v;v;v;v;v;v;v;v;v;v;v;v;v;v;v;v;v;v;v;v;v;v;v;v;v;v;v;v;v;v;v;v;v;v;v;v;v;v
18;v;v;v;v;v;v;v;v;v;s23;v;v;v;v;v;v;v;v;v;v;v;v;v;v;v;v;v;v;v;v;v;v;v;v;v;v;v;v;v;v;v;v;v;v;v;v;v;v;v;v;v;v;v;v;v;v;v;v;v;v;v;v;v;v;v;v;v;v;v;v;v;v;v;v;v;v;v;v;v;v;v;v;v;v
19;v;s24;v;v;v;v;v;v;v;v;v;v;v;v;v;v;v;v;v;v;v;v;v;v;v;v;v;v;v;v;v;v;v;v;v;v;v;v;v;v;v;v;v;v;v;v;v;v;v;v;v;v;v;v;v;v;v;v;v;v;v;v;v;v;v;v;v;v;v;v;v;v;v;v;v;v;v;v;v;v;v;v;v;v
20;v;v;v;v;v;v;s29;s27;v;v;v;v;v;v;v;v;v;v;v;v;v;v;v;v;v;v;v;v;v;v;v;v;v;v;v;v;v;v;v;v;v;v;v;v;v;v;v;v;v;v;v;28;v;v;v;25;26;v;v;v;v;v;v;v;v;v;v;v;v;v;v;v;v;v;v;v;v;v;v;v;v;v;v;v
21;v;v;v;v;v;v;v;v;v;s17;v;v;v;v;v;v;v;v;v;v;v;v;v;v;v;v;v;v;v;v;v;v;v;v;v;v;v;v;v;v;v;v;v;v;v;v;v;v;v;v;v;v;v;30;v;v;v;v;v;v;v;v;v;v;v;v;v;v;v;v;v;v;v;v;v;v;v;v;v;v;v;v;v;v
22;v;r11;v;v;v;v;v;r11;v;v;v;v;v;v;v;v;v;v;v;v;v;v;v;v;v;v;v;v;v;v;v;v;v;v;v;v;v;v;v;v;v;v;v;v;v;v;r11;v;v;v;v;v;v;v;v;v;v;v;v;v;v;v;v;v;v;v;v;v;v;v;v;v;v;v;v;v;v;v;v;v;v;v;v;v
23;v;v;v;v;v;v;v;v;v;v;v;v;v;v;v;v;s31;v;v;v;v;v;v;v;v;v;v;v;v;v;v;v;v;v;v;v;v;v;v;v;v;v;v;v;v;v;v;v;v;v;v;v;v;v;v;v;v;v;v;v;v;v;v;v;v;v;v;v;v;v;v;v;v;v;v;v;v;v;v;v;v;v;v;v
24;v;v;v;v;v;v;v;s42;v;s49;v;v;v;v;v;v;v;v;v;v;v;v;v;v;v;v;v;v;v;v;v;v;v;v;v;s43;s48;s40;s41;s44;s45;v;s46;s47;v;v;v;v;v;v;v;v;v;v;v;v;v;v;v;v;v;v;v;v;v;v;v;v;38;v;v;v;v;v;v;33;37;32;34;35;36;v;v;39
25;v;v;v;v;v;v;v;v;v;v;v;v;v;v;v;v;v;v;v;v;v;v;v;s50;v;v;v;v;v;v;v;v;v;v;v;v;v;v;v;v;v;v;v;v;v;v;v;v;v;v;v;v;v;v;v;v;v;v;v;v;v;v;v;v;v;v;v;v;v;v;v;v;v;v;v;v;v;v;v;v;v;v;v;v
26;v;v;v;v;v;v;v;v;v;v;v;v;v;v;v;v;v;v;v;v;v;v;v;r16;v;v;v;v;v;v;v;v;v;v;v;v;v;v;v;v;v;v;v;v;v;v;v;v;v;v;v;v;v;v;v;v;v;v;v;v;v;v;v;v;v;v;v;v;v;v;v;v;v;v;v;v;v;v;v;v;v;v;v;v
27;v;v;v;r7;r7;v;v;v;v;v;v;v;v;v;v;v;v;v;v;v;v;v;v;r17;v;v;v;v;v;v;v;v;v;v;v;v;v;v;v;v;v;v;v;v;v;v;v;v;v;v;v;v;v;v;v;v;v;v;v;v;v;v;v;v;v;v;v;v;v;v;v;v;v;v;v;v;v;v;v;v;v;v;v;v
28;v;v;v;s6;s7;v;v;v;v;v;v;v;v;v;v;v;v;v;v;v;v;v;v;v;v;v;v;v;v;v;v;v;v;v;v;v;v;v;v;v;v;v;v;v;v;v;v;v;v;51;v;v;v;v;v;v;v;v;v;v;v;v;v;v;v;v;v;v;v;v;v;v;v;v;v;v;v;v;v;v;v;v;v;v
29;v;v;v;r6;r6;v;v;v;v;v;v;v;v;v;v;v;v;v;v;v;v;v;v;v;v;v;v;v;v;v;v;v;v;v;v;v;v;v;v;v;v;v;v;v;v;v;v;v;v;v;v;v;v;v;v;v;v;v;v;v;v;v;v;v;v;v;v;v;v;v;v;v;v;v;v;v;v;v;v;v;v;v;v;v
30;v;r10;v;v;v;v;v;r10;v;v;v;v;v;v;v;v;v;v;v;v;v;v;v;v;v;v;v;v;v;v;v;v;v;v;v;v;v;v;v;v;v;v;v;v;v;v;r10;v;v;v;v;v;v;v;v;v;v;v;v;v;v;v;v;v;v;v;v;v;v;v;v;v;v;v;v;v;v;v;v;v;v;v;v;v
31;v;v;v;v;v;v;v;v;v;v;v;s52;v;v;v;v;v;v;v;v;v;v;v;v;v;v;v;v;v;v;v;v;v;v;v;v;v;v;v;v;v;v;v;v;v;v;v;v;v;v;v;v;v;v;v;v;v;v;v;v;v;v;v;v;v;v;v;v;v;v;v;v;v;v;v;v;v;v;v;v;v;v;v;v
32;v;v;s53;v;v;v;v;v;v;v;v;v;v;v;v;v;v;v;v;v;v;v;v;v;v;v;v;v;v;v;v;v;v;v;v;v;v;v;v;v;v;v;v;v;v;v;v;v;v;v;v;v;v;v;v;v;v;v;v;v;v;v;v;v;v;v;v;v;v;v;v;v;v;v;v;v;v;v;v;v;v;v;v;v
33;v;v;v;v;v;v;v;s42;v;s49;v;v;v;v;v;v;v;v;v;v;v;v;v;v;v;v;v;v;v;v;v;v;v;v;v;s43;s48;s40;s41;s44;s45;v;s46;s47;v;v;v;v;v;v;v;v;v;v;v;v;v;v;v;v;v;v;v;v;v;v;v;v;38;v;v;v;v;v;v;33;37;54;34;35;36;v;v;39
34;v;v;v;v;v;v;v;s42;v;s49;v;v;v;v;v;v;v;v;v;v;v;v;v;v;v;v;v;v;v;v;v;v;v;v;v;s43;s48;s40;s41;s44;s45;v;s46;s47;v;v;v;v;v;v;v;v;v;v;v;v;v;v;v;v;v;v;v;v;v;v;v;v;38;v;v;v;v;v;v;33;37;55;34;35;36;v;v;39
35;v;v;v;v;v;v;v;s42;v;s49;v;v;v;v;v;v;v;v;v;v;v;v;v;v;v;v;v;v;v;v;v;v;v;v;v;s43;s48;s40;s41;s44;s45;v;s46;s47;v;v;v;v;v;v;v;v;v;v;v;v;v;v;v;v;v;v;v;v;v;v;v;v;38;v;v;v;v;v;v;33;37;56;34;35;36;v;v;39
36;v;v;v;v;v;v;v;s42;v;s49;v;v;v;v;v;v;v;v;v;v;v;v;v;v;v;v;v;v;v;v;v;v;v;v;v;s43;s48;s40;s41;s44;s45;v;s46;s47;v;v;v;v;v;v;v;v;v;v;v;v;v;v;v;v;v;v;v;v;v;v;v;v;38;v;v;v;v;v;v;33;37;57;34;35;36;v;v;39
37;v;v;v;v;v;v;v;s42;v;s49;v;v;v;v;v;v;v;v;v;v;v;v;v;v;v;v;v;v;v;v;v;v;v;v;v;s43;s48;s40;s41;s44;s45;v;s46;s47;v;v;v;v;v;v;v;v;v;v;v;v;v;v;v;v;v;v;v;v;v;v;v;v;38;v;v;v;v;v;v;33;37;58;34;35;36;v;v;39
38;v;v;v;v;v;v;v;s42;v;s49;v;v;v;v;v;v;v;v;v;v;v;v;v;v;v;v;v;v;v;v;v;v;v;v;v;s43;s48;s40;s41;s44;s45;v;s46;s47;v;v;v;v;v;v;v;v;v;v;v;v;v;v;v;v;v;v;v;v;v;v;v;v;38;v;v;v;v;v;v;33;37;59;34;35;36;v;v;39
39;v;v;v;v;v;v;v;s42;v;s49;v;v;v;v;v;v;v;v;v;v;v;v;v;v;v;v;v;v;v;v;v;v;v;v;v;s43;s48;s40;s41;s44;s45;v;s46;s47;v;v;v;v;v;v;v;v;v;v;v;v;v;v;v;v;v;v;v;v;v;v;v;v;38;v;v;v;v;v;v;33;37;60;34;35;36;v;v;39
40;v;v;v;v;v;v;v;v;v;v;v;s61;v;v;v;v;v;v;v;v;v;v;v;v;v;v;v;v;v;v;v;v;v;v;v;v;v;v;v;v;v;v;v;v;v;v;v;v;v;v;v;v;v;v;v;v;v;v;v;v;v;v;v;v;v;v;v;v;v;v;v;v;v;v;v;v;v;v;v;v;v;v;v;v
41;v;v;v;v;v;v;v;v;v;v;v;s62;v;v;v;v;v;v;v;v;v;v;s63;v;v;v;v;v;v;v;v;v;v;v;v;v;v;v;v;v;v;v;v;v;v;v;v;v;v;v;v;v;v;v;v;v;v;v;v;v;v;v;v;v;v;v;v;v;v;v;v;v;v;v;v;v;v;v;v;v;v;v;v;v
42;v;v;r74;v;v;v;v;v;v;v;v;v;v;v;v;v;v;v;v;v;v;v;v;v;v;v;v;v;v;v;v;v;v;v;v;v;v;v;v;v;v;v;v;v;v;v;v;v;v;v;v;v;v;v;v;v;v;v;v;v;v;v;v;v;v;v;v;v;v;v;v;v;v;v;v;v;v;v;v;v;v;v;v;v
43;v;v;v;v;v;v;v;v;v;s65;v;v;v;v;v;v;v;v;v;v;v;v;v;v;v;v;v;v;v;v;v;v;v;v;v;v;v;v;v;v;v;v;v;v;v;v;v;v;v;v;v;v;v;v;64;v;v;v;v;v;v;v;v;v;v;v;v;v;v;v;v;v;v;v;v;v;v;v;v;v;v;v;v;v
44;v;v;v;v;v;v;v;v;v;v;v;v;v;v;v;v;v;v;v;v;v;v;v;v;v;v;v;v;v;v;v;v;v;v;v;v;v;v;v;v;v;v;v;v;v;v;v;v;v;v;v;v;v;v;v;v;v;v;v;v;v;v;v;v;v;v;v;v;v;v;66;67;v;v;v;v;v;v;v;v;v;v;v;v
45;v;v;v;v;v;v;v;v;v;v;v;v;v;v;v;v;v;v;v;v;v;v;v;v;v;v;v;v;v;v;v;v;v;v;v;v;v;v;v;v;v;v;v;v;v;v;v;v;v;v;v;v;v;v;v;v;v;v;v;v;v;v;v;v;v;v;v;v;v;v;68;67;v;v;v;v;v;v;v;v;v;v;v;v
46;v;v;v;v;v;v;v;v;v;v;v;v;v;v;v;v;v;v;v;v;v;v;v;v;v;v;v;v;v;v;v;v;v;v;v;v;v;v;v;v;v;v;v;v;v;v;v;v;v;v;v;v;v;v;v;v;v;v;v;v;v;v;v;v;v;v;v;v;v;v;69;67;v;v;v;v;v;v;v;v;v;v;v;v
47;v;v;v;v;v;v;v;v;v;s70;v;v;v;v;v;v;v;v;v;v;v;v;v;v;v;v;v;v;v;v;v;v;v;v;v;v;v;v;v;v;v;v;v;v;v;v;v;v;v;v;v;v;v;v;v;v;v;v;v;v;v;v;v;v;v;v;v;v;v;v;v;v;v;v;v;v;v;v;v;v;v;v;v;v
48;v;v;v;v;v;v;v;s80;s79;v;v;v;v;v;v;s73;v;v;v;v;v;v;v;v;v;v;v;v;v;v;v;v;v;v;v;v;v;v;v;v;v;v;v;v;v;v;v;v;v;v;v;v;78;v;v;v;v;v;71;v;v;v;72;74;75;76;77;v;v;v;v;v;v;v;v;v;v;v;v;v;v;v;v;v
49;v;v;v;v;v;v;v;v;v;v;v;v;s82;v;v;v;v;v;v;v;v;v;s83;v;v;s81;v;v;v;v;v;v;v;v;v;v;v;v;v;v;v;v;v;v;v;v;v;v;v;v;v;v;v;v;v;v;v;v;v;v;v;v;v;v;v;v;v;v;v;v;v;v;v;v;v;v;v;v;v;v;v;v;v;v
50;v;v;v;v;v;v;v;v;v;v;v;v;v;v;s84;v;v;v;v;v;v;v;v;v;v;v;v;v;v;v;v;v;v;v;v;v;v;v;v;v;v;v;v;v;v;v;v;v;v;v;v;v;v;v;v;v;v;v;v;v;v;v;v;v;v;v;v;v;v;v;v;v;v;v;v;v;v;v;v;v;v;v;v;v
51;v;v;v;v;v;v;v;v;v;v;v;v;v;v;s85;v;v;v;v;v;v;v;v;v;v;v;v;v;v;v;v;v;v;v;v;v;v;v;v;v;v;v;v;v;v;v;v;v;v;v;v;v;v;v;v;v;v;v;v;v;v;v;v;v;v;v;v;v;v;v;v;v;v;v;v;v;v;v;v;v;v;v;v;v
52;v;r29;v;v;v;v;v;r29;v;v;v;v;v;v;v;v;v;v;v;v;v;v;v;v;v;v;v;v;v;v;v;v;v;v;v;v;v;v;v;v;v;v;v;v;v;v;r29;v;v;v;v;v;v;v;v;v;v;v;v;v;v;v;v;v;v;v;v;v;v;v;v;v;v;v;v;v;v;v;v;v;v;v;v;v
53;v;v;v;v;v;v;v;v;v;v;v;v;v;v;v;v;v;v;v;v;v;v;v;v;v;v;v;v;v;v;v;v;v;v;v;v;v;v;v;v;v;v;v;v;v;v;v;acc;v;v;v;v;v;v;v;v;v;v;v;v;v;v;v;v;v;v;v;v;v;v;v;v;v;v;v;v;v;v;v;v;v;v;v;v
54;v;v;r64;v;v;v;v;v;v;v;v;v;v;v;v;v;v;v;v;v;v;v;v;v;v;v;v;v;v;v;v;v;v;v;v;v;v;v;v;v;v;v;v;v;v;v;v;v;v;v;v;v;v;v;v;v;v;v;v;v;v;v;v;v;v;v;v;v;v;v;v;v;v;v;v;v;v;v;v;v;v;v;v;v
55;v;v;r65;v;v;v;v;v;v;v;v;v;v;v;v;v;v;v;v;v;v;v;v;v;v;v;v;v;v;v;v;v;v;v;v;v;v;v;v;v;v;v;v;v;v;v;v;v;v;v;v;v;v;v;v;v;v;v;v;v;v;v;v;v;v;v;v;v;v;v;v;v;v;v;v;v;v;v;v;v;v;v;v;v
56;v;v;r66;v;v;v;v;v;v;v;v;v;v;v;v;v;v;v;v;v;v;v;v;v;v;v;v;v;v;v;v;v;v;v;v;v;v;v;v;v;v;v;v;v;v;v;v;v;v;v;v;v;v;v;v;v;v;v;v;v;v;v;v;v;v;v;v;v;v;v;v;v;v;v;v;v;v;v;v;v;v;v;v;v
57;v;v;r67;v;v;v;v;v;v;v;v;v;v;v;v;v;v;v;v;v;v;v;v;v;v;v;v;v;v;v;v;v;v;v;v;v;v;v;v;v;v;v;v;v;v;v;v;v;v;v;v;v;v;v;v;v;v;v;v;v;v;v;v;v;v;v;v;v;v;v;v;v;v;v;v;v;v;v;v;v;v;v;v;v
58;v;v;r68;v;v;v;v;v;v;v;v;v;v;v;v;v;v;v;v;v;v;v;v;v;v;v;v;v;v;v;v;v;v;v;v;v;v;v;v;v;v;v;v;v;v;v;v;v;v;v;v;v;v;v;v;v;v;v;v;v;v;v;v;v;v;v;v;v;v;v;v;v;v;v;v;v;v;v;v;v;v;v;v;v
59;v;v;r69;v;v;v;v;v;v;v;v;v;v;v;v;v;v;v;v;v;v;v;v;v;v;v;v;v;v;v;v;v;v;v;v;v;v;v;v;v;v;v;v;v;v;v;v;v;v;v;v;v;v;v;v;v;v;v;v;v;v;v;v;v;v;v;v;v;v;v;v;v;v;v;v;v;v;v;v;v;v;v;v;v
60;v;v;r70;v;v;v;v;v;v;v;v;v;v;v;v;v;v;v;v;v;v;v;v;v;v;v;v;v;v;v;v;v;v;v;v;v;v;v;v;v;v;v;v;v;v;v;v;v;v;v;v;v;v;v;v;v;v;v;v;v;v;v;v;v;v;v;v;v;v;v;v;v;v;v;v;v;v;v;v;v;v;v;v;v
61;v;v;v;v;v;v;v;s42;v;s49;v;v;v;v;v;v;v;v;v;v;v;v;v;v;v;v;v;v;v;v;v;v;v;v;v;s43;s48;s40;s41;s44;s45;v;s46;s47;v;v;v;v;v;v;v;v;v;v;v;v;v;v;v;v;v;v;v;v;v;v;v;v;38;v;v;v;v;v;v;33;37;86;34;35;36;v;v;39
62;v;v;v;v;v;v;v;s42;v;s49;v;v;v;v;v;v;v;v;v;v;v;v;v;v;v;v;v;v;v;v;v;v;v;v;v;s43;s48;s40;s41;s44;s45;v;s46;s47;v;v;v;v;v;v;v;v;v;v;v;v;v;v;v;v;v;v;v;v;v;v;v;v;38;v;v;v;v;v;v;33;37;87;34;35;36;v;v;39
63;v;v;v;v;v;v;v;s80;s79;v;v;v;v;v;v;v;v;v;v;v;v;v;v;v;v;v;v;v;v;v;v;v;v;v;v;v;v;v;v;v;v;v;v;v;v;v;v;v;v;v;v;v;78;v;v;v;v;v;v;v;v;v;88;74;75;76;77;v;v;v;v;v;v;v;v;v;v;v;v;v;v;v;v;v
64;v;v;v;v;v;v;v;r62;v;r62;v;v;v;v;v;v;v;v;v;v;v;v;v;v;v;v;v;v;v;v;v;v;v;v;v;r62;r62;r62;r62;r62;r62;v;r62;r62;v;v;v;v;v;v;v;v;v;v;v;v;v;v;v;v;v;v;v;v;v;v;v;v;v;v;v;v;v;v;v;v;v;v;v;v;v;v;v;v
65;v;v;v;v;v;v;v;v;v;v;s89;s91;s90;v;v;v;v;v;v;v;v;v;v;v;v;v;v;v;v;v;v;v;v;v;v;v;v;v;v;v;v;v;v;v;v;v;v;v;v;v;v;v;v;v;v;v;v;v;v;v;v;v;v;v;v;v;v;v;v;v;v;v;v;v;v;v;v;v;v;v;v;v;v;v
66;v;s92;v;v;v;v;v;v;v;v;v;v;v;v;v;v;v;v;v;v;v;v;v;v;v;v;v;v;v;v;v;v;v;v;v;v;v;v;v;v;v;v;v;v;v;v;v;v;v;v;v;v;v;v;v;v;v;v;v;v;v;v;v;v;v;v;v;v;v;v;v;v;v;v;v;v;v;v;v;v;v;v;v;v
67;v;r53;v;v;v;v;v;v;v;v;v;v;v;v;v;v;v;v;v;v;v;v;v;r53;v;v;v;v;v;v;v;v;s93;v;v;v;v;v;v;v;v;v;v;v;v;v;v;v;v;v;v;v;v;v;v;v;v;v;v;v;v;v;v;v;v;v;v;v;v;v;v;v;v;v;v;v;v;v;v;v;v;v;v;v
68;v;s94;v;v;v;v;v;v;v;v;v;v;v;v;v;v;v;v;v;v;v;v;v;v;v;v;v;v;v;v;v;v;v;v;v;v;v;v;v;v;v;v;v;v;v;v;v;v;v;v;v;v;v;v;v;v;v;v;v;v;v;v;v;v;v;v;v;v;v;v;v;v;v;v;v;v;v;v;v;v;v;v;v;v
69;v;s95;v;v;v;v;v;v;v;v;v;v;v;v;v;v;v;v;v;v;v;v;v;v;v;v;v;v;v;v;v;v;v;v;v;v;v;v;v;v;v;v;v;v;v;v;v;v;v;v;v;v;v;v;v;v;v;v;v;v;v;v;v;v;v;v;v;v;v;v;v;v;v;v;v;v;v;v;v;v;v;v;v;v
70;v;v;v;v;v;v;v;v;v;v;v;v;v;v;v;v;v;v;v;v;v;v;v;v;v;v;v;v;v;v;v;v;v;v;v;v;v;v;v;v;v;v;v;v;s96;v;v;v;v;v;v;v;v;v;v;v;v;v;v;v;v;v;v;v;v;v;v;v;v;v;v;v;v;v;v;v;v;v;v;v;v;v;v;v
71;v;v;v;v;v;v;v;r63;v;r63;v;v;v;v;v;v;v;v;v;v;v;v;v;v;v;v;v;v;v;v;v;v;v;v;v;r63;r63;r63;r63;r63;r63;v;r63;r63;v;v;v;v;v;v;v;v;v;v;v;v;v;v;v;v;v;v;v;v;v;v;v;v;v;v;v;v;v;v;v;v;v;v;v;v;v;v;v;v
72;v;v;v;v;v;v;v;v;v;v;s97;s98;v;v;v;v;v;v;v;v;v;v;v;v;v;v;v;v;v;v;v;v;v;v;v;v;v;v;v;v;v;v;v;v;v;v;v;v;v;v;v;v;v;v;v;v;v;v;v;v;v;v;v;v;v;v;v;v;v;v;v;v;v;v;v;v;v;v;v;v;v;v;v;v
73;v;v;v;v;v;v;v;v;v;v;s99;s100;v;v;v;v;v;v;v;v;v;v;v;v;v;v;v;v;v;v;v;v;v;v;v;v;v;v;v;v;v;v;v;v;v;v;v;v;v;v;v;v;v;v;v;v;v;v;v;v;v;v;v;v;v;v;v;v;v;v;v;v;v;v;v;v;v;v;v;v;v;v;v;v
74;v;r30;v;v;v;v;v;v;s102;v;r30;r30;v;r30;v;v;v;s101;v;v;v;v;v;r30;v;v;r30;r30;r30;r30;r30;r30;r30;r30;v;v;v;v;v;v;v;v;v;v;v;r30;v;v;v;v;v;v;v;v;v;v;v;v;v;v;v;v;v;v;v;v;v;v;v;v;v;v;v;v;v;v;v;v;v;v;v;v;v;v
75;v;r33;v;v;v;v;v;v;r33;v;r33;r33;v;r33;v;v;v;r33;s103;s104;s105;v;v;r33;v;v;r33;r33;r33;r33;r33;r33;r33;r33;v;v;v;v;v;v;v;v;v;v;v;r33;v;v;v;v;v;v;v;v;v;v;v;v;v;v;v;v;v;v;v;v;v;v;v;v;v;v;v;v;v;v;v;v;v;v;v;v;v;v
76;v;r37;v;v;v;v;v;v;r37;v;r37;r37;v;r37;v;v;v;r37;r37;r37;r37;s106;v;r37;v;v;r37;r37;r37;r37;r37;r37;r37;r37;v;v;v;v;v;v;v;v;v;v;v;r37;v;v;v;v;v;v;v;v;v;v;v;v;v;v;v;v;v;v;v;v;v;v;v;v;v;v;v;v;v;v;v;v;v;v;v;v;v;v
77;v;r39;v;v;v;v;v;v;r39;v;r39;r39;v;r39;v;v;v;r39;r39;r39;r39;r39;v;r39;v;v;r39;r39;r39;r39;r39;r39;r39;r39;v;v;v;v;v;v;v;v;v;v;v;r39;v;v;v;v;v;v;v;v;v;v;v;v;v;v;v;v;v;v;v;v;v;v;v;v;v;v;v;v;v;v;v;v;v;v;v;v;v;v
78;v;v;v;v;v;v;v;v;v;s108;v;v;v;v;v;v;v;v;v;v;v;v;s107;v;v;v;v;v;v;v;v;v;v;v;v;v;v;v;v;v;v;v;v;v;v;v;v;v;v;v;v;v;v;v;v;v;v;v;v;v;v;v;v;v;v;v;v;v;v;v;v;v;v;v;v;v;v;v;v;v;v;v;v;v
79;v;v;v;v;v;v;v;v;v;r8;v;v;v;v;v;v;r8;v;v;v;v;v;r8;v;r8;v;v;v;v;v;v;v;v;v;v;v;v;v;v;v;v;v;v;v;v;v;v;v;v;v;v;v;v;v;v;v;v;v;v;v;v;v;v;v;v;v;v;v;v;v;v;v;v;v;v;v;v;v;v;v;v;v;v;v
80;v;v;v;v;v;v;v;v;v;r9;v;v;v;v;v;v;r9;v;v;v;v;v;r9;v;r9;v;v;v;v;v;v;v;v;v;v;v;v;v;v;v;v;v;v;v;v;v;v;v;v;v;v;v;v;v;v;v;v;v;v;v;v;v;v;v;v;v;v;v;v;v;v;v;v;v;v;v;v;v;v;v;v;v;v;v
81;v;v;v;v;v;v;v;s80;s79;v;v;v;v;v;v;v;v;v;v;v;v;v;v;v;v;v;v;v;v;v;v;v;v;v;v;v;v;v;v;v;v;v;v;v;v;v;v;v;v;v;v;v;78;v;v;v;v;v;v;v;v;v;109;74;75;76;77;v;v;v;v;v;v;v;v;v;v;v;v;v;v;v;v;v
82;v;v;v;v;v;v;v;s80;s79;v;v;v;v;v;v;v;v;v;v;v;v;v;v;v;v;v;v;v;v;v;v;v;v;v;v;v;v;v;v;v;v;v;v;v;v;v;v;v;v;v;v;v;78;v;v;v;v;v;v;v;v;v;110;74;75;76;77;v;v;v;v;v;v;v;v;v;v;v;v;v;v;v;v;v
83;v;v;v;v;v;v;v;v;v;s112;v;v;v;v;v;v;v;v;v;v;v;v;v;v;v;v;v;v;v;v;v;v;v;v;v;v;v;v;v;v;v;v;v;v;v;v;v;v;v;v;v;v;v;v;v;v;v;111;v;v;v;v;v;v;v;v;v;v;v;v;v;v;v;v;v;v;v;v;v;v;v;v;v;v
84;v;v;v;s114;s115;s116;v;v;v;v;v;v;v;v;v;v;v;v;v;v;v;v;v;v;v;v;v;v;v;v;v;v;v;v;v;v;v;v;v;v;v;v;v;v;v;v;v;v;v;v;113;v;v;v;v;v;v;v;v;v;v;v;v;v;v;v;v;v;v;v;v;v;v;v;v;v;v;v;v;v;v;v;v;v
85;v;v;v;v;v;v;v;v;v;s117;v;v;v;v;v;v;v;v;v;v;v;v;v;v;v;v;v;v;v;v;v;v;v;v;v;v;v;v;v;v;v;v;v;v;v;v;v;v;v;v;v;v;v;v;v;v;v;v;v;v;v;v;v;v;v;v;v;v;v;v;v;v;v;v;v;v;v;v;v;v;v;v;v;v
86;v;v;r71;v;v;v;v;v;v;v;v;v;v;v;v;v;v;v;v;v;v;v;v;v;v;v;v;v;v;v;v;v;v;v;v;v;v;v;v;v;v;v;v;v;v;v;v;v;v;v;v;v;v;v;v;v;v;v;v;v;v;v;v;v;v;v;v;v;v;v;v;v;v;v;v;v;v;v;v;v;v;v;v;v
87;v;v;r72;v;v;v;v;v;v;v;v;v;v;v;v;v;v;v;v;v;v;v;v;v;v;v;v;v;v;v;v;v;v;v;v;v;v;v;v;v;v;v;v;v;v;v;v;v;v;v;v;v;v;v;v;v;v;v;v;v;v;v;v;v;v;v;v;v;v;v;v;v;v;v;v;v;v;v;v;v;v;v;v;v
88;v;v;v;v;v;v;v;v;v;v;v;v;v;v;v;v;v;v;v;v;v;v;v;s118;v;v;v;v;v;v;v;v;v;v;v;v;v;v;v;v;v;v;v;v;v;v;v;v;v;v;v;v;v;v;v;v;v;v;v;v;v;v;v;v;v;v;v;v;v;v;v;v;v;v;v;v;v;v;v;v;v;v;v;v
89;v;v;v;v;v;v;v;v;v;s65;v;v;v;v;v;v;v;v;v;v;v;v;v;v;v;v;v;v;v;v;v;v;v;v;v;v;v;v;v;v;v;v;v;v;v;v;v;v;v;v;v;v;v;v;119;v;v;v;v;v;v;v;v;v;v;v;v;v;v;v;v;v;v;v;v;v;v;v;v;v;v;v;v;v
90;v;v;v;v;v;v;v;s80;s79;v;v;v;v;v;v;v;v;v;v;v;v;v;v;v;v;v;v;v;v;v;v;v;v;v;v;v;v;v;v;v;v;v;v;v;v;v;v;v;v;v;v;v;78;v;v;v;v;v;v;v;v;v;120;74;75;76;77;v;v;v;v;v;v;v;v;v;v;v;v;v;v;v;v;v
91;v;v;v;v;v;v;v;r14;v;r14;v;v;v;v;v;v;v;v;v;v;v;v;v;v;v;v;v;v;v;v;v;v;v;v;v;r14;r14;r14;r14;r14;r14;v;r14;r14;v;v;v;v;v;v;v;v;v;v;v;v;v;v;v;v;v;v;v;v;v;v;v;v;v;v;v;v;v;v;v;v;v;v;v;v;v;v;v;v
92;v;v;v;v;v;v;v;s42;v;s49;v;v;v;v;v;v;v;v;v;v;v;v;v;v;v;v;v;v;v;v;v;v;v;v;v;s43;s48;s40;s41;s44;s45;v;s46;s47;v;v;v;v;v;v;v;v;v;v;v;v;v;v;v;v;v;v;v;v;v;v;v;v;38;v;v;v;v;v;v;33;37;121;34;35;36;v;v;39
93;v;v;v;v;v;v;v;s80;s79;v;v;v;v;v;v;v;v;v;v;v;v;v;s124;v;v;v;v;v;v;v;v;v;v;v;s125;v;v;v;v;v;v;v;v;v;v;v;v;v;v;v;v;v;78;v;v;v;v;v;v;v;v;v;127;74;75;76;77;v;v;126;v;v;v;122;123;v;v;v;v;v;v;v;v;v
94;v;v;v;v;v;v;v;s42;v;s49;v;v;v;v;v;v;v;v;v;v;v;v;v;v;v;v;v;v;v;v;v;v;v;v;v;s43;s48;s40;s41;s44;s45;v;s46;s47;v;v;v;v;v;v;v;v;v;v;v;v;v;v;v;v;v;v;v;v;v;v;v;v;38;v;v;v;v;v;v;33;37;128;34;35;36;v;v;39
95;v;v;v;v;v;v;v;s42;v;s49;v;v;v;v;v;v;v;v;v;v;v;v;v;v;v;v;v;v;v;v;v;v;v;v;v;s43;s48;s40;s41;s44;s45;v;s46;s47;v;v;v;v;v;v;v;v;v;v;v;v;v;v;v;v;v;v;v;v;v;v;v;v;38;v;v;v;v;v;v;33;37;129;34;35;36;v;v;39
96;v;v;v;v;v;v;v;s80;s79;v;v;v;v;v;v;v;v;v;v;v;v;v;v;v;v;v;v;v;v;v;v;v;v;v;v;v;v;v;v;v;v;v;v;v;v;v;v;v;v;v;v;v;78;v;v;v;v;v;v;v;v;v;130;74;75;76;77;v;v;v;v;v;v;v;v;v;v;v;v;v;v;v;v;v
97;v;v;v;v;v;v;v;s80;s79;v;v;v;v;v;v;s73;v;v;v;v;v;v;v;v;v;v;v;v;v;v;v;v;v;v;v;v;v;v;v;v;v;v;v;v;v;v;v;v;v;v;v;v;78;v;v;v;v;v;131;v;v;v;72;74;75;76;77;v;v;v;v;v;v;v;v;v;v;v;v;v;v;v;v;v
98;v;v;v;v;v;v;v;r24;v;r24;v;v;v;v;v;v;v;v;v;v;v;v;v;v;v;v;v;v;v;v;v;v;v;v;v;r24;r24;r24;r24;r24;r24;v;r24;r24;v;v;v;v;v;v;v;v;v;v;v;v;v;v;v;v;v;v;v;v;v;v;v;v;v;v;v;v;v;v;v;v;v;v;v;v;v;v;v;v
99;v;v;v;v;v;v;v;s80;s79;v;v;v;v;v;v;s73;v;v;v;v;v;v;v;v;v;v;v;v;v;v;v;v;v;v;v;v;v;v;v;v;v;v;v;v;v;v;v;v;v;v;v;v;78;v;v;v;v;v;132;v;v;v;72;74;75;76;77;v;v;v;v;v;v;v;v;v;v;v;v;v;v;v;v;v
100;v;v;v;v;v;v;v;r25;v;r25;v;v;v;v;v;v;v;v;v;v;v;v;v;v;v;v;v;v;v;v;v;v;v;v;v;r25;r25;r25;r25;r25;r25;v;r25;r25;v;v;v;v;v;v;v;v;v;v;v;v;v;v;v;v;v;v;v;v;v;v;v;v;v;v;v;v;v;v;v;v;v;v;v;v;v;v;v;v
101;v;v;v;v;v;v;v;s80;s79;v;v;v;v;v;v;v;v;v;v;v;v;v;v;v;v;v;v;v;v;v;v;v;v;v;v;v;v;v;v;v;v;v;v;v;v;v;v;v;v;v;v;v;78;v;v;v;v;v;v;v;v;v;v;v;133;76;77;v;v;v;v;v;v;v;v;v;v;v;v;v;v;v;v;v
102;v;v;v;v;v;v;v;s80;s79;v;v;v;v;v;v;v;v;v;v;v;v;v;v;v;v;v;v;v;v;v;v;v;v;v;v;v;v;v;v;v;v;v;v;v;v;v;v;v;v;v;v;v;78;v;v;v;v;v;v;v;v;v;v;v;134;76;77;v;v;v;v;v;v;v;v;v;v;v;v;v;v;v;v;v
103;v;v;v;v;v;v;v;s80;s79;v;v;v;v;v;v;v;v;v;v;v;v;v;v;v;v;v;v;v;v;v;v;v;v;v;v;v;v;v;v;v;v;v;v;v;v;v;v;v;v;v;v;v;78;v;v;v;v;v;v;v;v;v;v;v;v;135;77;v;v;v;v;v;v;v;v;v;v;v;v;v;v;v;v;v
104;v;v;v;v;v;v;v;s80;s79;v;v;v;v;v;v;v;v;v;v;v;v;v;v;v;v;v;v;v;v;v;v;v;v;v;v;v;v;v;v;v;v;v;v;v;v;v;v;v;v;v;v;v;78;v;v;v;v;v;v;v;v;v;v;v;v;136;77;v;v;v;v;v;v;v;v;v;v;v;v;v;v;v;v;v
105;v;v;v;v;v;v;v;s80;s79;v;v;v;v;v;v;v;v;v;v;v;v;v;v;v;v;v;v;v;v;v;v;v;v;v;v;v;v;v;v;v;v;v;v;v;v;v;v;v;v;v;v;v;78;v;v;v;v;v;v;v;v;v;v;v;v;137;77;v;v;v;v;v;v;v;v;v;v;v;v;v;v;v;v;v
106;v;v;v;v;v;v;v;s80;s79;v;v;v;v;v;v;v;v;v;v;v;v;v;v;v;v;v;v;v;v;v;v;v;v;v;v;v;v;v;v;v;v;v;v;v;v;v;v;v;v;v;v;v;78;v;v;v;v;v;v;v;v;v;v;v;v;v;138;v;v;v;v;v;v;v;v;v;v;v;v;v;v;v;v;v
107;v;v;v;v;v;v;v;s80;s79;v;v;v;v;v;v;v;v;v;v;v;v;v;v;v;v;v;v;v;v;v;v;v;v;v;v;v;v;v;v;v;v;v;v;v;v;v;v;v;v;v;v;v;78;v;v;v;v;v;v;v;v;v;139;74;75;76;77;v;v;v;v;v;v;v;v;v;v;v;v;v;v;v;v;v
108;v;r41;v;v;v;v;v;v;r41;v;r41;r41;v;r41;v;v;v;r41;r41;r41;r41;r41;v;r41;v;v;r41;r41;r41;r41;r41;r41;r41;r41;v;v;v;v;v;v;v;v;v;v;v;r41;v;v;v;v;v;v;v;v;v;v;v;v;v;v;v;v;v;v;v;v;v;v;v;v;v;v;v;v;v;v;v;v;v;v;v;v;v;v
109;v;v;v;v;v;v;v;v;v;v;v;s140;v;v;v;v;v;v;v;v;v;v;v;v;v;v;v;v;v;v;v;v;v;v;v;v;v;v;v;v;v;v;v;v;v;v;v;v;v;v;v;v;v;v;v;v;v;v;v;v;v;v;v;v;v;v;v;v;v;v;v;v;v;v;v;v;v;v;v;v;v;v;v;v
110;v;v;v;v;v;v;v;v;v;v;v;v;v;s141;v;v;v;v;v;v;v;v;v;v;v;v;v;v;v;v;v;v;v;v;v;v;v;v;v;v;v;v;v;v;v;v;v;v;v;v;v;v;v;v;v;v;v;v;v;v;v;v;v;v;v;v;v;v;v;v;v;v;v;v;v;v;v;v;v;v;v;v;v;v
111;v;v;v;v;v;v;v;v;v;v;v;v;v;v;v;v;v;v;v;v;v;v;v;s142;v;v;v;v;v;v;v;v;v;v;v;v;v;v;v;v;v;v;v;v;v;v;v;v;v;v;v;v;v;v;v;v;v;v;v;v;v;v;v;v;v;v;v;v;v;v;v;v;v;v;v;v;v;v;v;v;v;v;v;v
112;v;v;v;v;v;v;v;v;v;v;s143;v;v;v;v;v;v;v;v;v;v;v;v;r21;v;v;v;v;v;v;v;v;v;v;v;v;v;v;v;v;v;v;v;v;v;v;v;v;v;v;v;v;v;v;v;v;v;v;v;v;v;v;v;v;v;v;v;v;v;v;v;v;v;v;v;v;v;v;v;v;v;v;v;v
113;s145;v;v;v;v;v;v;v;v;v;v;s144;v;v;v;v;v;v;v;v;v;v;v;v;v;v;v;v;v;v;v;v;v;v;v;v;v;v;v;v;v;v;v;v;v;v;v;v;v;v;v;v;v;v;v;v;v;v;v;v;v;v;v;v;v;v;v;v;v;v;v;v;v;v;v;v;v;v;v;v;v;v;v;v
114;r3;v;v;v;v;v;v;v;v;v;v;r3;v;v;v;v;v;v;v;v;v;v;v;v;v;v;v;v;v;v;v;v;v;v;v;v;v;v;v;v;v;v;v;v;v;v;v;v;v;v;v;v;v;v;v;v;v;v;v;v;v;v;v;v;v;v;v;v;v;v;v;v;v;v;v;v;v;v;v;v;v;v;v;v
115;r4;v;v;v;v;v;v;v;v;v;v;r4;v;v;v;v;v;v;v;v;v;v;v;v;v;v;v;v;v;v;v;v;v;v;v;v;v;v;v;v;v;v;v;v;v;v;v;v;v;v;v;v;v;v;v;v;v;v;v;v;v;v;v;v;v;v;v;v;v;v;v;v;v;v;v;v;v;v;v;v;v;v;v;v
116;r5;v;v;v;v;v;v;v;v;v;v;r5;v;v;v;v;v;v;v;v;v;v;v;v;v;v;v;v;v;v;v;v;v;v;v;v;v;v;v;v;v;v;v;v;v;v;v;v;v;v;v;v;v;v;v;v;v;v;v;v;v;v;v;v;v;v;v;v;v;v;v;v;v;v;v;v;v;v;v;v;v;v;v;v
117;v;v;v;v;v;v;v;v;v;v;s146;v;v;v;v;v;v;v;v;v;v;v;v;r19;v;v;v;v;v;v;v;v;v;v;v;v;v;v;v;v;v;v;v;v;v;v;v;v;v;v;v;v;v;v;v;v;v;v;v;v;v;v;v;v;v;v;v;v;v;v;v;v;v;v;v;v;v;v;v;v;v;v;v;v
118;v;v;v;v;v;v;v;v;v;v;v;s147;v;v;v;v;v;v;v;v;v;v;v;v;v;v;v;v;v;v;v;v;v;v;v;v;v;v;v;v;v;v;v;v;v;v;v;v;v;v;v;v;v;v;v;v;v;v;v;v;v;v;v;v;v;v;v;v;v;v;v;v;v;v;v;v;v;v;v;v;v;v;v;v
119;v;v;v;v;v;v;v;r12;v;r12;v;v;v;v;v;v;v;v;v;v;v;v;v;v;v;v;v;v;v;v;v;v;v;v;v;r12;r12;r12;r12;r12;r12;v;r12;r12;v;v;v;v;v;v;v;v;v;v;v;v;v;v;v;v;v;v;v;v;v;v;v;v;v;v;v;v;v;v;v;v;v;v;v;v;v;v;v;v
120;v;v;v;v;v;v;v;v;v;v;v;v;v;s148;v;v;v;v;v;v;v;v;v;v;v;v;v;v;v;v;v;v;v;v;v;v;v;v;v;v;v;v;v;v;v;v;v;v;v;v;v;v;v;v;v;v;v;v;v;v;v;v;v;v;v;v;v;v;v;v;v;v;v;v;v;v;v;v;v;v;v;v;v;v
121;v;v;s149;v;v;v;v;v;v;v;v;v;v;v;v;v;v;v;v;v;v;v;v;v;v;v;v;v;v;v;v;v;v;v;v;v;v;v;v;v;v;v;v;v;v;v;v;v;v;v;v;v;v;v;v;v;v;v;v;v;v;v;v;v;v;v;v;v;v;v;v;v;v;v;v;v;v;v;v;v;v;v;v;v
122;v;r54;v;v;v;v;v;v;v;v;v;v;v;v;v;v;v;v;v;v;v;v;v;r54;v;v;v;v;v;v;v;v;r54;s150;v;v;v;v;v;v;v;v;v;v;v;v;v;v;v;v;v;v;v;v;v;v;v;v;v;v;v;v;v;v;v;v;v;v;v;v;v;v;v;v;v;v;v;v;v;v;v;v;v;v
123;v;r57;v;v;v;v;v;v;v;v;v;v;v;v;v;v;v;v;v;v;v;v;v;r57;v;v;v;v;v;v;v;v;r57;r57;v;v;v;v;v;v;v;v;v;v;v;v;v;v;v;v;v;v;v;v;v;v;v;v;v;v;v;v;v;v;v;v;v;v;v;v;v;v;v;v;v;v;v;v;v;v;v;v;v;v
124;v;v;v;v;v;v;v;v;v;v;v;v;v;v;v;v;v;v;v;v;v;v;v;v;v;v;v;v;v;v;v;v;v;v;v;v;v;v;v;v;v;v;v;v;v;v;v;v;v;v;v;v;v;v;v;v;v;v;v;v;v;v;v;v;v;v;v;v;v;v;151;67;v;v;v;v;v;v;v;v;v;v;v;v
125;v;v;v;v;v;v;v;s80;s79;v;v;v;v;v;v;v;v;v;v;v;v;v;s152;v;v;v;v;v;v;v;v;v;v;v;v;v;v;v;v;v;v;v;v;v;v;v;v;v;v;v;v;v;78;v;v;v;v;v;v;v;v;v;127;74;75;76;77;v;v;153;v;v;v;v;v;v;v;v;v;v;v;v;v;v
126;v;r60;v;v;v;v;v;v;v;v;v;v;v;v;v;v;v;v;v;v;v;v;v;r60;v;v;v;v;v;v;v;v;r60;r60;v;v;v;v;v;v;v;v;v;v;v;v;v;v;v;v;v;v;v;v;v;v;v;v;v;v;v;v;v;v;v;v;v;v;v;v;v;v;v;v;v;v;v;v;v;v;v;v;v;v
127;v;v;v;v;v;v;v;v;v;v;v;v;v;v;v;v;v;v;v;v;v;v;v;v;v;v;s154;s155;s156;s157;s158;s159;v;v;v;v;v;v;v;v;v;v;v;v;v;v;v;v;v;v;v;v;v;v;v;v;v;v;v;v;v;v;v;v;v;v;v;v;v;v;v;v;v;v;v;v;v;v;v;v;v;v;v;v
128;v;v;s160;v;v;v;v;v;v;v;v;v;v;v;v;v;v;v;v;v;v;v;v;v;v;v;v;v;v;v;v;v;v;v;v;v;v;v;v;v;v;v;v;v;v;v;v;v;v;v;v;v;v;v;v;v;v;v;v;v;v;v;v;v;v;v;v;v;v;v;v;v;v;v;v;v;v;v;v;v;v;v;v;v
129;v;v;s161;v;v;v;v;v;v;v;v;v;v;v;v;v;v;v;v;v;v;v;v;v;v;v;v;v;v;v;v;v;v;v;v;v;v;v;v;v;v;v;v;v;v;v;v;v;v;v;v;v;v;v;v;v;v;v;v;v;v;v;v;v;v;v;v;v;v;v;v;v;v;v;v;v;v;v;v;v;v;v;v;v
130;v;v;v;v;v;v;v;v;v;v;v;v;v;v;v;v;v;v;v;v;v;v;v;v;v;v;v;v;v;v;v;v;v;v;v;v;v;v;v;v;v;v;v;v;v;s162;v;v;v;v;v;v;v;v;v;v;v;v;v;v;v;v;v;v;v;v;v;v;v;v;v;v;v;v;v;v;v;v;v;v;v;v;v;v
131;v;v;v;v;v;v;v;r22;v;r22;v;v;v;v;v;v;v;v;v;v;v;v;v;v;v;v;v;v;v;v;v;v;v;v;v;r22;r22;r22;r22;r22;r22;v;r22;r22;v;v;v;v;v;v;v;v;v;v;v;v;v;v;v;v;v;v;v;v;v;v;v;v;v;v;v;v;v;v;v;v;v;v;v;v;v;v;v;v
132;v;v;v;v;v;v;v;r23;v;r23;v;v;v;v;v;v;v;v;v;v;v;v;v;v;v;v;v;v;v;v;v;v;v;v;v;r23;r23;r23;r23;r23;r23;v;r23;r23;v;v;v;v;v;v;v;v;v;v;v;v;v;v;v;v;v;v;v;v;v;v;v;v;v;v;v;v;v;v;v;v;v;v;v;v;v;v;v;v
133;v;r31;v;v;v;v;v;v;r31;v;r31;r31;v;r31;v;v;v;r31;s103;s104;s105;v;v;r31;v;v;r31;r31;r31;r31;r31;r31;r31;r31;v;v;v;v;v;v;v;v;v;v;v;r31;v;v;v;v;v;v;v;v;v;v;v;v;v;v;v;v;v;v;v;v;v;v;v;v;v;v;v;v;v;v;v;v;v;v;v;v;v;v
134;v;r32;v;v;v;v;v;v;r32;v;r32;r32;v;r32;v;v;v;r32;s103;s104;s105;v;v;r32;v;v;r32;r32;r32;r32;r32;r32;r32;r32;v;v;v;v;v;v;v;v;v;v;v;r32;v;v;v;v;v;v;v;v;v;v;v;v;v;v;v;v;v;v;v;v;v;v;v;v;v;v;v;v;v;v;v;v;v;v;v;v;v;v
135;v;r34;v;v;v;v;v;v;r34;v;r34;r34;v;r34;v;v;v;r34;r34;r34;r34;s106;v;r34;v;v;r34;r34;r34;r34;r34;r34;r34;r34;v;v;v;v;v;v;v;v;v;v;v;r34;v;v;v;v;v;v;v;v;v;v;v;v;v;v;v;v;v;v;v;v;v;v;v;v;v;v;v;v;v;v;v;v;v;v;v;v;v;v
136;v;r35;v;v;v;v;v;v;r35;v;r35;r35;v;r35;v;v;v;r35;r35;r35;r35;s106;v;r35;v;v;r35;r35;r35;r35;r35;r35;r35;r35;v;v;v;v;v;v;v;v;v;v;v;r35;v;v;v;v;v;v;v;v;v;v;v;v;v;v;v;v;v;v;v;v;v;v;v;v;v;v;v;v;v;v;v;v;v;v;v;v;v;v
137;v;r36;v;v;v;v;v;v;r36;v;r36;r36;v;r36;v;v;v;r36;r36;r36;r36;s106;v;r36;v;v;r36;r36;r36;r36;r36;r36;r36;r36;v;v;v;v;v;v;v;v;v;v;v;r36;v;v;v;v;v;v;v;v;v;v;v;v;v;v;v;v;v;v;v;v;v;v;v;v;v;v;v;v;v;v;v;v;v;v;v;v;v;v
138;v;r38;v;v;v;v;v;v;r38;v;r38;r38;v;r38;v;v;v;r38;r38;r38;r38;r38;v;r38;v;v;r38;r38;r38;r38;r38;r38;r38;r38;v;v;v;v;v;v;v;v;v;v;v;r38;v;v;v;v;v;v;v;v;v;v;v;v;v;v;v;v;v;v;v;v;v;v;v;v;v;v;v;v;v;v;v;v;v;v;v;v;v;v
139;v;v;v;v;v;v;v;v;v;v;v;v;v;v;v;v;v;v;v;v;v;v;v;s163;v;v;v;v;v;v;v;v;v;v;v;v;v;v;v;v;v;v;v;v;v;v;v;v;v;v;v;v;v;v;v;v;v;v;v;v;v;v;v;v;v;v;v;v;v;v;v;v;v;v;v;v;v;v;v;v;v;v;v;v
140;v;v;v;v;v;v;v;r45;v;r45;v;v;v;v;v;v;v;v;v;v;v;v;v;v;v;v;v;v;v;v;v;v;v;v;v;r45;r45;r45;r45;r45;r45;v;r45;r45;v;v;v;v;v;v;v;v;v;v;v;v;v;v;v;v;v;v;v;v;v;v;v;v;v;v;v;v;v;v;v;v;v;v;v;v;v;v;v;v
141;v;v;v;v;v;v;v;v;v;v;v;v;v;v;v;v;v;v;v;v;v;v;v;v;v;s164;v;v;v;v;v;v;v;v;v;v;v;v;v;v;v;v;v;v;v;v;v;v;v;v;v;v;v;v;v;v;v;v;v;v;v;v;v;v;v;v;v;v;v;v;v;v;v;v;v;v;v;v;v;v;v;v;v;v
142;v;v;v;v;v;v;v;v;v;v;v;s165;v;v;v;v;v;v;v;v;v;v;v;v;v;v;v;v;v;v;v;v;v;v;v;v;v;v;v;v;v;v;v;v;v;v;v;v;v;v;v;v;v;v;v;v;v;v;v;v;v;v;v;v;v;v;v;v;v;v;v;v;v;v;v;v;v;v;v;v;v;v;v;v
143;v;v;v;v;v;v;v;v;v;s112;v;v;v;v;v;v;v;v;v;v;v;v;v;v;v;v;v;v;v;v;v;v;v;v;v;v;v;v;v;v;v;v;v;v;v;v;v;v;v;v;v;v;v;v;v;v;v;166;v;v;v;v;v;v;v;v;v;v;v;v;v;v;v;v;v;v;v;v;v;v;v;v;v;v
144;v;v;v;v;v;v;v;s11;v;v;v;v;v;v;v;v;v;v;v;v;v;v;v;v;v;v;v;v;v;v;v;v;v;v;v;v;v;v;v;v;v;v;v;v;v;v;s9;v;v;v;v;v;v;v;v;v;v;v;v;v;v;v;v;v;v;v;v;v;v;v;v;v;v;v;v;v;v;v;v;v;v;167;10;v
145;v;v;v;s6;s7;v;s5;v;v;v;v;v;v;v;v;v;v;v;v;v;v;v;v;v;v;v;v;v;v;v;v;v;v;v;v;v;v;v;v;v;v;v;v;v;v;v;v;v;v;4;v;v;v;v;v;v;v;v;v;168;2;3;v;v;v;v;v;v;v;v;v;v;v;v;v;v;v;v;v;v;v;v;v;v
146;v;v;v;v;v;v;s29;s170;v;v;v;v;v;v;v;v;v;v;v;v;v;v;v;v;v;v;v;v;v;v;v;v;v;v;v;v;v;v;v;v;v;v;v;v;v;v;v;v;v;v;v;28;v;v;v;v;169;v;v;v;v;v;v;v;v;v;v;v;v;v;v;v;v;v;v;v;v;v;v;v;v;v;v;v
147;v;v;r73;v;v;v;v;v;v;v;v;v;v;v;v;v;v;v;v;v;v;v;v;v;v;v;v;v;v;v;v;v;v;v;v;v;v;v;v;v;v;v;v;v;v;v;v;v;v;v;v;v;v;v;v;v;v;v;v;v;v;v;v;v;v;v;v;v;v;v;v;v;v;v;v;v;v;v;v;v;v;v;v;v
148;v;v;v;v;v;v;v;v;v;v;s171;s172;v;v;v;v;v;v;v;v;v;v;v;v;v;v;v;v;v;v;v;v;v;v;v;v;v;v;v;v;v;v;v;v;v;v;v;v;v;v;v;v;v;v;v;v;v;v;v;v;v;v;v;v;v;v;v;v;v;v;v;v;v;v;v;v;v;v;v;v;v;v;v;v
149;v;v;v;v;v;v;v;r75;v;r75;v;v;v;v;v;v;v;v;v;v;v;v;v;v;v;v;v;v;v;v;v;v;v;v;v;r75;r75;r75;r75;r75;r75;v;r75;r75;v;v;v;v;v;v;v;v;v;v;v;v;v;v;v;v;v;v;v;v;v;v;v;v;v;v;v;v;v;v;v;v;v;v;v;v;v;v;v;v
150;v;v;v;v;v;v;v;s80;s79;v;v;v;v;v;v;v;v;v;v;v;v;v;s124;v;v;v;v;v;v;v;v;v;v;v;s125;v;v;v;v;v;v;v;v;v;v;v;v;v;v;v;v;v;78;v;v;v;v;v;v;v;v;v;127;74;75;76;77;v;v;126;v;v;v;v;173;v;v;v;v;v;v;v;v;v
151;v;v;v;v;v;v;v;v;v;v;v;v;v;v;v;v;v;v;v;v;v;v;v;s174;v;v;v;v;v;v;v;v;v;v;v;v;v;v;v;v;v;v;v;v;v;v;v;v;v;v;v;v;v;v;v;v;v;v;v;v;v;v;v;v;v;v;v;v;v;v;v;v;v;v;v;v;v;v;v;v;v;v;v;v
152;v;v;v;v;v;v;v;v;v;v;v;v;v;v;v;v;v;v;v;v;v;v;v;v;v;v;v;v;v;v;v;v;v;v;v;v;v;v;v;v;v;v;v;v;v;v;v;v;v;v;v;v;v;v;v;v;v;v;v;v;v;v;v;v;v;v;v;v;v;v;175;67;v;v;v;v;v;v;v;v;v;v;v;v
153;v;r61;v;v;v;v;v;v;v;v;v;v;v;v;v;v;v;v;v;v;v;v;v;r61;v;v;v;v;v;v;v;v;r61;r61;v;v;v;v;v;v;v;v;v;v;v;v;v;v;v;v;v;v;v;v;v;v;v;v;v;v;v;v;v;v;v;v;v;v;v;v;v;v;v;v;v;v;v;v;v;v;v;v;v;v
154;v;v;v;v;v;v;v;s80;s79;v;v;v;v;v;v;v;v;v;v;v;v;v;v;v;v;v;v;v;v;v;v;v;v;v;v;v;v;v;v;v;v;v;v;v;v;v;v;v;v;v;v;v;78;v;v;v;v;v;v;v;v;v;176;74;75;76;77;v;v;v;v;v;v;v;v;v;v;v;v;v;v;v;v;v
155;v;v;v;v;v;v;v;s80;s79;v;v;v;v;v;v;v;v;v;v;v;v;v;v;v;v;v;v;v;v;v;v;v;v;v;v;v;v;v;v;v;v;v;v;v;v;v;v;v;v;v;v;v;78;v;v;v;v;v;v;v;v;v;177;74;75;76;77;v;v;v;v;v;v;v;v;v;v;v;v;v;v;v;v;v
156;v;v;v;v;v;v;v;s80;s79;v;v;v;v;v;v;v;v;v;v;v;v;v;v;v;v;v;v;v;v;v;v;v;v;v;v;v;v;v;v;v;v;v;v;v;v;v;v;v;v;v;v;v;78;v;v;v;v;v;v;v;v;v;178;74;75;76;77;v;v;v;v;v;v;v;v;v;v;v;v;v;v;v;v;v
157;v;v;v;v;v;v;v;s80;s79;v;v;v;v;v;v;v;v;v;v;v;v;v;v;v;v;v;v;v;v;v;v;v;v;v;v;v;v;v;v;v;v;v;v;v;v;v;v;v;v;v;v;v;78;v;v;v;v;v;v;v;v;v;179;74;75;76;77;v;v;v;v;v;v;v;v;v;v;v;v;v;v;v;v;v
158;v;v;v;v;v;v;v;s80;s79;v;v;v;v;v;v;v;v;v;v;v;v;v;v;v;v;v;v;v;v;v;v;v;v;v;v;v;v;v;v;v;v;v;v;v;v;v;v;v;v;v;v;v;78;v;v;v;v;v;v;v;v;v;180;74;75;76;77;v;v;v;v;v;v;v;v;v;v;v;v;v;v;v;v;v
159;v;v;v;v;v;v;v;s80;s79;v;v;v;v;v;v;v;v;v;v;v;v;v;v;v;v;v;v;v;v;v;v;v;v;v;v;v;v;v;v;v;v;v;v;v;v;v;v;v;v;v;v;v;78;v;v;v;v;v;v;v;v;v;181;74;75;76;77;v;v;v;v;v;v;v;v;v;v;v;v;v;v;v;v;v
160;v;v;v;v;v;v;v;v;v;v;v;v;v;v;v;v;v;v;v;v;v;v;v;v;v;v;v;v;v;v;v;v;v;v;v;v;v;v;v;v;v;s182;v;v;v;v;v;v;v;v;v;v;v;v;v;v;v;v;v;v;v;v;v;v;v;v;v;v;v;v;v;v;v;v;v;v;v;v;v;v;v;v;v;v
161;v;v;v;v;v;v;v;r77;v;r77;v;v;v;v;v;v;v;v;v;v;v;v;v;v;v;v;v;v;v;v;v;v;v;v;v;r77;r77;r77;r77;r77;r77;v;r77;r77;v;v;v;v;v;v;v;v;v;v;v;v;v;v;v;v;v;v;v;v;v;v;v;v;v;v;v;v;v;v;v;v;v;v;v;v;v;v;v;v
162;v;v;v;v;v;v;v;s80;s79;v;v;v;v;v;v;v;v;v;v;v;v;v;v;v;v;v;v;v;v;v;v;v;v;v;v;v;v;v;v;v;v;v;v;v;v;v;v;v;v;v;v;v;78;v;v;v;v;v;v;v;v;v;183;74;75;76;77;v;v;v;v;v;v;v;v;v;v;v;v;v;v;v;v;v
163;v;r40;v;v;v;v;v;v;r40;v;r40;r40;v;r40;v;v;v;r40;r40;r40;r40;r40;v;r40;v;v;r40;r40;r40;r40;r40;r40;r40;r40;v;v;v;v;v;v;v;v;v;v;v;r40;v;v;v;v;v;v;v;v;v;v;v;v;v;v;v;v;v;v;v;v;v;v;v;v;v;v;v;v;v;v;v;v;v;v;v;v;v;v
164;v;v;v;v;v;v;v;s80;s79;v;v;v;v;v;v;v;v;v;v;v;v;v;v;v;v;v;v;v;v;v;v;v;v;v;v;v;v;v;v;v;v;v;v;v;v;v;v;v;v;v;v;v;78;v;v;v;v;v;v;v;v;v;184;74;75;76;77;v;v;v;v;v;v;v;v;v;v;v;v;v;v;v;v;v
165;v;v;v;v;v;v;v;r83;v;r83;v;v;v;v;v;v;v;v;v;v;v;v;v;v;v;v;v;v;v;v;v;v;v;v;v;r83;r83;r83;r83;r83;r83;v;r83;r83;v;v;v;v;v;v;v;v;v;v;v;v;v;v;v;v;v;v;v;v;v;v;v;v;v;v;v;v;v;v;v;v;v;v;v;v;v;v;v;v
166;v;v;v;v;v;v;v;v;v;v;v;v;v;v;v;v;v;v;v;v;v;v;v;r20;v;v;v;v;v;v;v;v;v;v;v;v;v;v;v;v;v;v;v;v;v;v;v;v;v;v;v;v;v;v;v;v;v;v;v;v;v;v;v;v;v;v;v;v;v;v;v;v;v;v;v;v;v;v;v;v;v;v;v;v
167;r79;v;v;v;v;v;v;v;v;v;v;v;v;v;v;v;v;v;v;v;v;v;v;v;v;v;v;v;v;v;v;v;v;v;v;v;v;v;v;v;v;v;v;v;v;v;v;v;v;v;v;v;v;v;v;v;v;v;v;v;v;v;v;v;v;v;v;v;v;v;v;v;v;v;v;v;v;v;v;v;v;v;v;v
168;v;s185;v;v;v;v;v;v;v;v;v;v;v;v;v;v;v;v;v;v;v;v;v;v;v;v;v;v;v;v;v;v;v;v;v;v;v;v;v;v;v;v;v;v;v;v;v;v;v;v;v;v;v;v;v;v;v;v;v;v;v;v;v;v;v;v;v;v;v;v;v;v;v;v;v;v;v;v;v;v;v;v;v;v
169;v;v;v;v;v;v;v;v;v;v;v;v;v;v;v;v;v;v;v;v;v;v;v;r18;v;v;v;v;v;v;v;v;v;v;v;v;v;v;v;v;v;v;v;v;v;v;v;v;v;v;v;v;v;v;v;v;v;v;v;v;v;v;v;v;v;v;v;v;v;v;v;v;v;v;v;v;v;v;v;v;v;v;v;v
170;v;v;v;r7;r7;v;v;v;v;v;v;v;v;v;v;v;v;v;v;v;v;v;v;v;v;v;v;v;v;v;v;v;v;v;v;v;v;v;v;v;v;v;v;v;v;v;v;v;v;v;v;v;v;v;v;v;v;v;v;v;v;v;v;v;v;v;v;v;v;v;v;v;v;v;v;v;v;v;v;v;v;v;v;v
171;v;v;v;v;v;v;v;v;v;s65;v;v;v;v;v;v;v;v;v;v;v;v;v;v;v;v;v;v;v;v;v;v;v;v;v;v;v;v;v;v;v;v;v;v;v;v;v;v;v;v;v;v;v;v;186;v;v;v;v;v;v;v;v;v;v;v;v;v;v;v;v;v;v;v;v;v;v;v;v;v;v;v;v;v
172;v;v;v;v;v;v;v;r15;v;r15;v;v;v;v;v;v;v;v;v;v;v;v;v;v;v;v;v;v;v;v;v;v;v;v;v;r15;r15;r15;r15;r15;r15;v;r15;r15;v;v;v;v;v;v;v;v;v;v;v;v;v;v;v;v;v;v;v;v;v;v;v;v;v;v;v;v;v;v;v;v;v;v;v;v;v;v;v;v
173;v;r56;v;v;v;v;v;v;v;v;v;v;v;v;v;v;v;v;v;v;v;v;v;r56;v;v;v;v;v;v;v;v;r56;r56;v;v;v;v;v;v;v;v;v;v;v;v;v;v;v;v;v;v;v;v;v;v;v;v;v;v;v;v;v;v;v;v;v;v;v;v;v;v;v;v;v;v;v;v;v;v;v;v;v;v
174;v;r58;v;v;v;v;v;v;v;v;v;v;v;v;v;v;v;v;v;v;v;v;v;r58;v;v;v;v;v;v;v;v;r58;r58;v;v;v;v;v;v;v;v;v;v;v;v;v;v;v;v;v;v;v;v;v;v;v;v;v;v;v;v;v;v;v;v;v;v;v;v;v;v;v;v;v;v;v;v;v;v;v;v;v;v
175;v;v;v;v;v;v;v;v;v;v;v;v;v;v;v;v;v;v;v;v;v;v;v;s187;v;v;v;v;v;v;v;v;v;v;v;v;v;v;v;v;v;v;v;v;v;v;v;v;v;v;v;v;v;v;v;v;v;v;v;v;v;v;v;v;v;v;v;v;v;v;v;v;v;v;v;v;v;v;v;v;v;v;v;v
176;v;r47;v;v;v;v;v;v;v;v;v;v;v;v;v;v;v;v;v;v;v;v;v;r47;v;v;v;v;v;v;v;v;r47;r47;v;v;v;v;v;v;v;v;v;v;v;v;v;v;v;v;v;v;v;v;v;v;v;v;v;v;v;v;v;v;v;v;v;v;v;v;v;v;v;v;v;v;v;v;v;v;v;v;v;v
177;v;r48;v;v;v;v;v;v;v;v;v;v;v;v;v;v;v;v;v;v;v;v;v;r48;v;v;v;v;v;v;v;v;r48;r48;v;v;v;v;v;v;v;v;v;v;v;v;v;v;v;v;v;v;v;v;v;v;v;v;v;v;v;v;v;v;v;v;v;v;v;v;v;v;v;v;v;v;v;v;v;v;v;v;v;v
178;v;r49;v;v;v;v;v;v;v;v;v;v;v;v;v;v;v;v;v;v;v;v;v;r49;v;v;v;v;v;v;v;v;r49;r49;v;v;v;v;v;v;v;v;v;v;v;v;v;v;v;v;v;v;v;v;v;v;v;v;v;v;v;v;v;v;v;v;v;v;v;v;v;v;v;v;v;v;v;v;v;v;v;v;v;v
179;v;r50;v;v;v;v;v;v;v;v;v;v;v;v;v;v;v;v;v;v;v;v;v;r50;v;v;v;v;v;v;v;v;r50;r50;v;v;v;v;v;v;v;v;v;v;v;v;v;v;v;v;v;v;v;v;v;v;v;v;v;v;v;v;v;v;v;v;v;v;v;v;v;v;v;v;v;v;v;v;v;v;v;v;v;v
180;v;r51;v;v;v;v;v;v;v;v;v;v;v;v;v;v;v;v;v;v;v;v;v;r51;v;v;v;v;v;v;v;v;r51;r51;v;v;v;v;v;v;v;v;v;v;v;v;v;v;v;v;v;v;v;v;v;v;v;v;v;v;v;v;v;v;v;v;v;v;v;v;v;v;v;v;v;v;v;v;v;v;v;v;v;v
181;v;r52;v;v;v;v;v;v;v;v;v;v;v;v;v;v;v;v;v;v;v;v;v;r52;v;v;v;v;v;v;v;v;r52;r52;v;v;v;v;v;v;v;v;v;v;v;v;v;v;v;v;v;v;v;v;v;v;v;v;v;v;v;v;v;v;v;v;v;v;v;v;v;v;v;v;v;v;v;v;v;v;v;v;v;v
182;v;s188;v;v;v;v;v;v;v;v;v;v;v;v;v;v;v;v;v;v;v;v;v;v;v;v;v;v;v;v;v;v;v;v;v;v;v;v;v;v;v;v;v;v;v;v;v;v;v;v;v;v;v;v;v;v;v;v;v;v;v;v;v;v;v;v;v;v;v;v;v;v;v;v;v;v;v;v;v;v;v;v;v;v
183;v;s189;v;v;v;v;v;v;v;v;v;v;v;v;v;v;v;v;v;v;v;v;v;v;v;v;v;v;v;v;v;v;v;v;v;v;v;v;v;v;v;v;v;v;v;v;v;v;v;v;v;v;v;v;v;v;v;v;v;v;v;v;v;v;v;v;v;v;v;v;v;v;v;v;v;v;v;v;v;v;v;v;v;v
184;v;v;v;v;v;v;v;v;v;v;v;s190;v;v;v;v;v;v;v;v;v;v;v;v;v;v;v;v;v;v;v;v;v;v;v;v;v;v;v;v;v;v;v;v;v;v;v;v;v;v;v;v;v;v;v;v;v;v;v;v;v;v;v;v;v;v;v;v;v;v;v;v;v;v;v;v;v;v;v;v;v;v;v;v
185;v;v;v;v;v;v;v;s42;v;s49;v;v;v;v;v;v;v;v;v;v;v;v;v;v;v;v;v;v;v;v;v;v;v;v;v;s43;s48;s40;s41;s44;s45;v;s46;s47;v;v;v;v;v;v;v;v;v;v;v;v;v;v;v;v;v;v;v;v;v;v;v;v;38;v;v;v;v;v;v;33;37;191;34;35;36;v;v;39
186;v;v;v;v;v;v;v;r13;v;r13;v;v;v;v;v;v;v;v;v;v;v;v;v;v;v;v;v;v;v;v;v;v;v;v;v;r13;r13;r13;r13;r13;r13;v;r13;r13;v;v;v;v;v;v;v;v;v;v;v;v;v;v;v;v;v;v;v;v;v;v;v;v;v;v;v;v;v;v;v;v;v;v;v;v;v;v;v;v
187;v;r59;v;v;v;v;v;v;v;v;v;v;v;v;v;v;v;v;v;v;v;v;v;r59;v;v;v;v;v;v;v;v;r59;r59;v;v;v;v;v;v;v;v;v;v;v;v;v;v;v;v;v;v;v;v;v;v;v;v;v;v;v;v;v;v;v;v;v;v;v;v;v;v;v;v;v;v;v;v;v;v;v;v;v;v
188;v;v;v;v;v;v;v;s42;v;s49;v;v;v;v;v;v;v;v;v;v;v;v;v;v;v;v;v;v;v;v;v;v;v;v;v;s43;s48;s40;s41;s44;s45;v;s46;s47;v;v;v;v;v;v;v;v;v;v;v;v;v;v;v;v;v;v;v;v;v;v;v;v;38;v;v;v;v;v;v;33;37;192;34;35;36;v;v;39
189;v;v;v;v;v;v;v;s42;v;s49;v;v;v;v;v;v;v;v;v;v;v;v;v;v;v;v;v;v;v;v;v;v;v;v;v;s43;s48;s40;s41;s44;s45;v;s46;s47;v;v;v;v;v;v;v;v;v;v;v;v;v;v;v;v;v;v;v;v;v;v;v;v;38;v;v;v;v;v;v;33;37;193;34;35;36;v;v;39
190;v;v;v;v;v;v;v;r46;v;r46;v;v;v;v;v;v;v;v;v;v;v;v;v;v;v;v;v;v;v;v;v;v;v;v;v;r46;r46;r46;r46;r46;r46;v;r46;r46;v;v;v;v;v;v;v;v;v;v;v;v;v;v;v;v;v;v;v;v;v;v;v;v;v;v;v;v;v;v;v;v;v;v;v;v;v;v;v;v
191;v;v;s194;v;v;v;v;v;v;v;v;v;v;v;v;v;v;v;v;v;v;v;v;v;v;v;v;v;v;v;v;v;v;v;v;v;v;v;v;v;v;v;v;v;v;v;v;v;v;v;v;v;v;v;v;v;v;v;v;v;v;v;v;v;v;v;v;v;v;v;v;v;v;v;v;v;v;v;v;v;v;v;v;v
192;v;v;s195;v;v;v;v;v;v;v;v;v;v;v;v;v;v;v;v;v;v;v;v;v;v;v;v;v;v;v;v;v;v;v;v;v;v;v;v;v;v;v;v;v;v;v;v;v;v;v;v;v;v;v;v;v;v;v;v;v;v;v;v;v;v;v;v;v;v;v;v;v;v;v;v;v;v;v;v;v;v;v;v;v
193;v;v;s196;v;v;v;v;v;v;v;v;v;v;v;v;v;v;v;v;v;v;v;v;v;v;v;v;v;v;v;v;v;v;v;v;v;v;v;v;v;v;v;v;v;v;v;v;v;v;v;v;v;v;v;v;v;v;v;v;v;v;v;v;v;v;v;v;v;v;v;v;v;v;v;v;v;v;v;v;v;v;v;v;v
194;v;v;v;v;v;v;v;s11;v;v;v;v;v;v;v;v;v;v;v;v;v;v;v;v;v;v;v;v;v;v;v;v;v;v;v;v;v;v;v;v;v;v;v;v;v;v;s198;v;v;v;v;v;v;v;v;v;v;v;v;v;v;v;v;v;v;v;v;v;v;v;v;v;v;v;v;v;v;v;v;v;v;v;197;v
195;v;v;v;v;v;v;v;r76;v;r76;v;v;v;v;v;v;v;v;v;v;v;v;v;v;v;v;v;v;v;v;v;v;v;v;v;r76;r76;r76;r76;r76;r76;v;r76;r76;v;v;v;v;v;v;v;v;v;v;v;v;v;v;v;v;v;v;v;v;v;v;v;v;v;v;v;v;v;v;v;v;v;v;v;v;v;v;v;v
196;v;v;v;v;v;v;v;r78;v;r78;v;v;v;v;v;v;v;v;v;v;v;v;v;v;v;v;v;v;v;v;v;v;v;v;v;r78;r78;r78;r78;r78;r78;v;r78;r78;v;v;v;v;v;v;v;v;v;v;v;v;v;v;v;v;v;v;v;v;v;v;v;v;v;v;v;v;v;v;v;v;v;v;v;v;v;v;v;v
197;r82;v;v;v;v;v;v;v;v;v;v;v;v;v;v;v;v;v;v;v;v;v;v;v;v;v;v;v;v;v;v;v;v;v;v;v;v;v;v;v;v;v;v;v;v;v;v;v;v;v;v;v;v;v;v;v;v;v;v;v;v;v;v;v;v;v;v;v;v;v;v;v;v;v;v;v;v;v;v;v;v;v;v;v
198;v;v;v;v;v;v;v;v;v;s199;v;v;v;v;v;v;v;v;v;v;v;v;v;v;v;v;v;v;v;v;v;v;v;v;v;v;v;v;v;v;v;v;v;v;v;v;v;v;v;v;v;v;v;v;v;v;v;v;v;v;v;v;v;v;v;v;v;v;v;v;v;v;v;v;v;v;v;v;v;v;v;v;v;v
199;v;v;v;v;v;v;v;v;v;v;v;v;v;v;v;v;v;v;v;v;v;v;s200;v;v;v;v;v;v;v;v;v;v;v;v;v;v;v;v;v;v;v;v;v;v;v;v;v;v;v;v;v;v;v;v;v;v;v;v;v;v;v;v;v;v;v;v;v;v;v;v;v;v;v;v;v;v;v;v;v;v;v;v;v
200;v;v;v;v;v;v;s29;s27;v;v;v;v;v;v;v;v;v;v;v;v;v;v;v;v;v;v;v;v;v;v;v;v;v;v;v;v;v;v;v;v;v;v;v;v;v;v;v;v;v;v;v;28;v;v;v;201;26;v;v;v;v;v;v;v;v;v;v;v;v;v;v;v;v;v;v;v;v;v;v;v;v;v;v;v
201;v;v;v;v;v;v;v;v;v;v;v;v;v;v;v;v;v;v;v;v;v;v;v;s202;v;v;v;v;v;v;v;v;v;v;v;v;v;v;v;v;v;v;v;v;v;v;v;v;v;v;v;v;v;v;v;v;v;v;v;v;v;v;v;v;v;v;v;v;v;v;v;v;v;v;v;v;v;v;v;v;v;v;v;v
202;v;v;v;v;v;v;v;v;v;v;v;v;v;v;s203;v;v;v;v;v;v;v;v;v;v;v;v;v;v;v;v;v;v;v;v;v;v;v;v;v;v;v;v;v;v;v;v;v;v;v;v;v;v;v;v;v;v;v;v;v;v;v;v;v;v;v;v;v;v;v;v;v;v;v;v;v;v;v;v;v;v;v;v;v
203;v;v;v;s114;s115;s116;v;v;v;v;v;v;v;v;v;v;v;v;v;v;v;v;v;v;v;v;v;v;v;v;v;v;v;v;v;v;v;v;v;v;v;v;v;v;v;v;v;v;v;v;204;v;v;v;v;v;v;v;v;v;v;v;v;v;v;v;v;v;v;v;v;v;v;v;v;v;v;v;v;v;v;v;v;v
204;s145;v;v;v;v;v;v;v;v;v;v;v;v;v;v;v;v;v;v;v;v;v;v;v;v;v;v;v;v;v;v;v;v;v;v;v;v;v;v;v;v;v;v;v;v;v;v;v;v;v;v;v;v;v;v;v;v;v;v;v;v;v;v;v;v;v;v;v;v;v;v;v;v;v;v;v;v;v;v;v;v;v;v;v
